{
  "id": "1766535",
  "name": "天猫",
  "font_family": "iconfont",
  "css_prefix_text": "icon-",
  "description": "",
  "glyphs": [
    {
      "icon_id": "5170983",
      "name": "手机",
      "font_class": "shouji",
      "unicode": "e615",
      "unicode_decimal": 58901
    },
    {
      "icon_id": "6019688",
      "name": "淘宝购物车",
      "font_class": "gouwuche",
      "unicode": "e600",
      "unicode_decimal": 58880
    },
    {
      "icon_id": "9094770",
      "name": "网站导航",
      "font_class": "wangzhandaohang",
      "unicode": "e61d",
      "unicode_decimal": 58909
    }
  ]
}
